https://bittrexglobal.com/,footer,,,,,,,,,,Support,Trading Platform Status,Privacy Policy,Cookie Policy,Legal,,,
https://www.binance.com/,footer,,,,,,,,,,,,About,Business Contacts,Careers,Announcements,News,Press,Legal,Terms,Privacy,Building Trust,Blog,Community,Sitemap,Risk Warning,Notices,Downloads,Desktop Application,Exchange,Buy Crypto,Leveraged Tokens,TradingView,Pay,Academy,Live,Tax,Gift Card,Launchpad & Launchpool,Auto-Invest,ETH Staking,Defi Staking,NFT,BNB,BABT,Research,Charity,P2P Merchant Application,P2Pro Merchant Application,Listing Application,Institutional & VIP Services,Labs,Learn & Earn,Browse Crypto Prices,Bitcoin Price,Ethereum Price,Buy Bitcoin,Buy BNB,Buy Ripple,Buy Dogecoin,Buy Ethereum,Buy Tradable Altcoins,Affiliate,Referral,OTC Trading,Historical Market Data,Proof of Reserves,24/7 Chat Support,Support Center,Request a Feature,Fees,APIs,Binance Verify,Trading Rules,Binance Airdrop Portal,Law Enforcement Requests,Binance Legal (Court Orders)
https://www.bitfinex.com/,footer
https://www.bitstamp.net/,footer,Who We Are,The Bitstamp Way,Careers,Legal & Privacy,Terms of Use - USA,Fee Schedule,FAQ,,,,,,,,,,,,,,Mobile Apps,Tradeview,Earn Stake,Earn Lend,Institutions & Partners,Bitstamp as a Service,The Bitstamp Ecosystem,Pro,API Documentation,,,,PGP Key,Lightning Network,Crypto Pulse,Customer support,info@bitstamp.net,press@bitstamp.net,support@bitstamp.net,complaints@bitstamp.net,+44 20 3868 9628,+1 800 712 5702,+352 20 88 10 96,,,,,
https://www.coinbase.com/,footer,Blog,Twitter,Facebook,Infos,Karriere,Vertriebspartner,Blog,Presse,Sicherheit,Anleger,Anbieter,Rechtliche Hinweise und Datenschutz,Cookie-Richtlinie,Informationen zu digitalen Assets,Impressum,Ethereum-Merge,Krypto-Preise durchsuchen,Coinbase Bytes-Newsletter,Grundkenntnisse,Tipps für Einsteiger,Marktnachrichten,Was ist Bitcoin?,Was sind Kryptowährungen?,Was ist eine Blockchain?,So richten Sie eine Wallet für Kryptowährungen ein,So versenden Sie Kryptowährungen,Steuern,Kaufen und verkaufen,Mit Earn Token verdienen,Wallet,NFTs,Karte,Derivate,Coinbase One,Institutionelle Anleger,Prime,Asset Hub,Handel,Cloud,Wallet as a Service,Wallet SDK,Coinbase-Wallet-Faucet – Sichern Sie sich jetzt Guthaben für das Testnetz,Coinbase Pay SDK,Node,Handel,Base,Sign in with Coinbase,Rosetta,Teilnehmen,Prime API,Hilfecenter,Kontakt,Konto erstellen,Identität verifizieren,Kontoinformationen,Zahlungsmethoden,Konto,Unterstützte Kryptowährungen,Status
https://www.finanzen.net/,footer,,,,,,,,,,,,,,,,,,,,,,,,,,,,,,,,,,,,,,,,,,,,,,,,,,,,,,,,,,,,,,,,,,,,,,,,,,,,,,,,,,,,,,,,,,,,,,,,,,,,,,,,,,,,,,,
https://www.gemini.com/,footer,Exchange,Mobile,Derivatives,ActiveTrader,Credit Card,Staking,Gemini Dollar,View All,Institutions Home,Exchange,Custody,eOTC,Businesses and Private Wealth,Professional Traders,Institutional Investors,Fintechs and Banks,Prices,Gemini Blog,Trust Center,About,Cryptopedia,Newsroom,Videos,Product Updates,Security,Trust and safety,Samsung,TradingView,Brave,Nifty Gateway,Referral Program,Frontier Fund,View All,Careers,Careers in India,Students,Support Center,Contact Us,System Status,Areas of Availability,API Docs,Marketplace and Fees,Legal Agreements,Derivatives Legal Agreements,Privacy Policy,User Agreement and State Disclosures,,,,,,,,,,Legal Notice,Google Privacy Policy,Terms of Service
https://www.htx.com/,footer,Cryptocurrencies,User Agreement,Privacy Policy,Media Verifier,HTX Futures Community,Support,Global Licensed Businesses,Proof of Reserves,Quick Buy/Sell,Spot,Futures,Copy Trading,Margin,Trading Bot,Download Data History,Finance,Download App,Token Listing,Crypto Loans,OTC Loan,Referral,NFT,Identity Verification,Tiered Fee,Institutional Services,Fiat Rules,Spot Trading Rules,Coin Loan Limit,HTX Learn,Futures Academy,Affiliate Program,Broker Program,Market Maker Application,API Documentation,Open Platform,Huobi Token(HT),Bitcoin(BTC),Ethereum(ETH),Tron(TRX),Axie Infinity(AXS),ApeCoin(APE),Filecoin(FIL),MANA,Litecoin(LTC),ChainLink(LINK),Uniswap(UNI),Aptos(APT),Tether USDT(USDT),USDD,,,,,,,,,,,
https://www.kraken.com/,footer,Kraken,Create account,Sign in,Kraken App,Kraken Pro App,NFT Marketplace,Margin Trading,OTC Trading,Institutions,API Trading,Staking Rewards,All features,Kraken Security,Kraken Careers,Kraken Blog,Press Room,Affiliate Program,Refer a Friend,Kraken Status,Support Center,Bitcoin Price,Ethereum Price,Dogecoin Price,XRP Price,Cardano Price,Solana Price,Litecoin Price,All crypto prices,BTC to USD,ETH to USD,DOGE to USD,XRP to USD,ADA to USD,SOL to USD,LTC to USD,All crypto markets,Buy Bitcoin,Buy Ethereum,Buy Dogecoin,Buy XRP,Buy Cardano,Buy Solana,Buy Litecoin,All crypto guides,What is cryptocurrency?,Types of cryptocurrency,What is a blockchain?,What is Bitcoin?,What is Ethereum?,What is an NFT?,What is a DAO?,Learn crypto,,,,,,,,,Privacy Notice,Terms of Service,Cookies Policy,Recruitment Privacy Notice,Disclosures
https://www.kucoin.com/,footer
https://www.okx.com/,footer,,,,,,,,,,,,,,About us,Careers,Contact us,Terms of service,Privacy policy,Disclosures,Whistleblower notice,Law enforcement,OKX app,Buy crypto,Convert,Trade,Earn,OKTC,OKX Wallet,Web3 Marketplace,Crypto calculator,All cryptocurrencies,Learn,TradingView,Affiliate,V5 API,Historical market data,Fee schedule,Listing application,Support center,Channel verification,Announcements,Connect with OKX,Buy USDC,Buy USDT,Buy Bitcoin,Buy Ethereum,Buy ADA,Buy Solana,Buy MATIC,Buy Litecoin,Buy XRP,BTC to USD,ETH to USD,USDT to USD,SOL to USD,XRP to USD,BTC USDC,ETH USDC,BTC USDT,ETH USDT,MATIC USDT,LTC USDT,SOL USDT,XRP USDT,Bitcoin price,Ethereum price,Cardano price,Solana price,XRP price,Register,,,,,,,,,
https://addx.co/,footer,,,,,Raise Capital,FAQs,ADDX in the news,Press releases,Terms And Conditions,Privacy Policy,Cookie Policy,Listing Rules,Exchange Rules,Community T&Cs,Promo Code Terms and Conditions,Cyber Security Tips,Regulatory Disclosures
https://www.bitbond.com/,footer,,,,,Home,Company,Jobs,Press,Blog,Contact Us,Sitemap,Privacy,Imprint,Create ERC20 Token,Create BEP20 Token,Create MRC20 Token,Create FRC20 Token,Create ARC20 Token,Token Lock BSC,Token Lock Ethereum,Create ERC20 Token Sale,Create Crowdsale Contract,Create BEP20 Token Sale,Crypto Affiliate Program,Ethereum Gas Price,BSC Gas Price,Polygon Gas Price,Avalanche Gas Price,Create NFT,Manage NFT,NFT Multisender,Multisend BSC,Multisend Ethereum,Crypto Portfolio Tracker,How to create a Token,How to create BEP20 Token,How to make Token Presale,How to create an NFT,Best Crypto Launchpad,Best Web3 Wallets,What is an STO,Blockchain vs Database,Asset Tokenization,Token vs Coin,Octave Agency
https://estateguru.co/de/,footer
https://exporo.de/,footer
https://realt.co/,footer,,
https://fundrequest.io/,footer
https://securrency.com/,footer
https://swarm.com/,footer
https://www.bitgo.de/,footer
https://polymath.network/,footer,,Stay informed,Polymath Capital Platform,Polymath Token Studio,Ecosystem,Resource Center,Blog,News,Events,Newsletter,,Our Story,Memberships,Leadership Team,Board of Directors,Careers,FAQ,Privacy Policy,Terms of Site Use,,,,,,,,,,,,,,,,,,,,,,,,,,,,,,
https://polysign.io/,footer,,Legal Notice,Get in touch,,,hello@polysign.io
https://securitize.io/,footer
https://swarm.com/,footer
https://www.tokensoft.io/,footer
https://www.vertalo.com/,footer
https://stokr.io/products,footer,REGISTERED
https://www.brickwise.at/,footer
https://www.timeless.investments/,footer,,,,,,So funktioniert es,Konto erstellen,Support,Assets,Geschenkgutscheine,Kontakt,Über uns,Karriere,Presse,Magazin,AGBs,Bedingungen Belohnungsprogramm,Gutscheinbedingungen,Datenschutz,Impressum,Collectors Club Datenschutz,AGBs Concedus GmbH,AVBs Concedus GmbH,Datenschutz Concedus GmbH,Kundeninformationen Concedus GmbH,Bedingungen Advents-Raffle,Bedingungen Adventsaktion Anteil,Gutscheinbedingungen
https://www.bitpanda.com/,footer,,Kryptowährungen,Krypto-Indizes,Aktien*,ETFs*,Edelmetalle,Rohstoffe*,Cash Plus,Staking,BEST,Affiliate werden,Tell-a-Friend,Academy,Maker und Taker Gebühren,6 Fragen zu Bitcoin,Meine ersten digitalen Assets kaufen,Was sind NFTs?,Club,Payments,Sparplan,Swap,Sicherheit,Card,BEST,Pantos,App,Bitpanda Custody,Home,Plattform,Kunden,Partner,Einblicke,,,,,,,,,Über uns,Karriere,Presse,Blog,Hilfe,,,,,,,,,Impressum,Datenschutzerklärung,AGB,Hinweisgeber,Complaints,Bug Bounty,Cookie settings
https://bisonapp.com/,footer
