https://bittrexglobal.com/,https://global.bittrex.com/Home/Support,https://global.bittrex.com/status,https://bittrexglobal.com/legal/bittrex-global-privacy-policy/,https://bittrexglobal.com/wp-content/uploads/2023/07/Bittrex-Global-IP-Address-Cookie-Policy.pdf,https://bittrexglobal.com/legal/,https://bittrexglobal.com/legal/,https://twitter.com/BittrexGlobal,https://t.me/s/bittrexglobal,https://www.linkedin.com/company/bittrexglobal/,https://global.bittrex.com/Home/Support,https://global.bittrex.com/status,https://bittrexglobal.com/legal/bittrex-global-privacy-policy/,https://bittrexglobal.com/wp-content/uploads/2023/07/Bittrex-Global-IP-Address-Cookie-Policy.pdf,https://bittrexglobal.com/legal/,https://twitter.com/BittrexGlobal,https://t.me/s/bittrexglobal,https://www.linkedin.com/company/bittrexglobal/
https://www.binance.com/,https://discord.gg/jE4wt8g2H2,https://www.binance.com/en/community,https://www.tiktok.com/@binance?lang=en,https://www.facebook.com/binance,https://twitter.com/binance,https://www.reddit.com/r/binance,https://weibo.com/binance?is_hot=1,https://www.instagram.com/Binance/,https://coinmarketcap.com/exchanges/binance/,https://www.youtube.com/binanceyoutube,https://www.binance.com/en/community,https://www.binance.com/en/about,https://www.binance.com/en/about#email,https://www.binance.com/en/careers,https://www.binance.com/en/support/announcement,https://www.binance.com/en/news,https://www.binance.com/en/press,https://www.binance.com/en/legal/home,https://www.binance.com/en/terms,https://www.binance.com/en/privacy,https://www.binance.com/en/land/building_trust,https://www.binance.com/en/blog,https://www.binance.com/en/community,https://www.binance.com/en/country-region-selector,https://www.binance.com/en/risk-warning,https://www.binance.com/en/support/list/notices,https://www.binance.com/en/download,https://www.binance.com/en/desktop-download,https://www.binance.com/en/trade,https://www.binance.com/en/buy-sell-crypto,https://www.binance.com/en/leveraged-tokens/tokens/allTokens,https://www.binance.com/en/land/tradingview,https://pay.binance.com/en,https://academy.binance.com/en,https://www.binance.com/en/live,https://www.binance.com/en/tax,https://www.binance.com/en/gift-card,https://launchpad.binance.com/en,https://www.binance.com/en/auto-invest,https://www.binance.com/en/eth2,https://www.binance.com/en/defi-staking,https://www.binance.com/en/nft/home,https://www.binance.com/en/bnb,https://www.binance.com/en/BABT?source=footer,https://www.binance.com/en/research,https://www.binance.charity/,https://c2c.binance.com/en/merchantApplication,https://p2p.binance.com/en/p2pro,https://www.binance.com/en/my/coin-apply,https://www.binance.com/en/vip-institutional-services,https://labs.binance.com/,https://academy.binance.com/en/learn-and-earn,https://www.binance.com/en/price,https://www.binance.com/en/price/bitcoin,https://www.binance.com/en/price/ethereum,https://www.binance.com/en/how-to-buy/bitcoin,https://www.binance.com/en/how-to-buy/bnb,https://www.binance.com/en/how-to-buy/xrp,https://www.binance.com/en/how-to-buy/dogecoin,https://www.binance.com/en/how-to-buy/ethereum,https://www.binance.com/en/altcoins/tradable,https://www.binance.com/en/activity/affiliate,https://www.binance.com/en/activity/referral?utm_source=Lite_web_footer,https://www.binance.com/en/otc,https://www.binance.com/en/landing/data,https://www.binance.com/en/proof-of-reserves,https://www.binance.com/en/chat?sourceEntry=4,https://www.binance.com/en/support,https://www.binance.com/en/my/user-support/feedback/entry,https://www.binance.com/en/fee/schedule,https://www.binance.com/en/binance-api,https://www.binance.com/en/official-verification,https://www.binance.com/en/trade-rule,https://www.binance.com/en/airdrop,https://www.binance.com/en/support/law-enforcement,https://www.binance.com/en/binance-legal
https://www.bitstamp.net/,https://www.bitstamp.net/about-us/,https://www.bitstamp.net/bitstamp-way/,https://bitstamp.workable.com/,https://www.bitstamp.net/legal/terms-of-use/ltd/,https://www.bitstamp.net/legal/terms-of-use/inc/,https://www.bitstamp.net/fee-schedule/,https://www.bitstamp.net/faq/,https://www.bitstamp.net/legal/terms-of-use/ltd/,https://www.bitstamp.net/legal/terms-of-use/inc/,https://www.bitstamp.net/legal/bitgo-customer-terms/,https://www.bitstamp.net/legal/copper-customer-terms/,https://www.bitstamp.net/legal/privacy-policy/,https://www.bitstamp.net/legal/aml-policy/,https://www.bitstamp.net/legal/complaint-resolution-procedure/,https://www.bitstamp.net/legal/referral-program/,https://www.bitstamp.net/legal/earn-terms/,https://www.bitstamp.net/legal/otc-terms/,https://www.bitstamp.net/legal/cookie-statement/,https://www.bitstamp.net/legal/risk-warning/,https://www.bitstamp.net/s/documents/Digital_asset_framework_listing.pdf,https://www.bitstamp.net/mobile/,https://www.bitstamp.net/market/tradeview/,https://www.bitstamp.net/crypto-staking/,https://www.bitstamp.net/crypto-lending/,https://www.bitstamp.net/institutional-trading/,https://www.bitstamp.net/bitstamp-as-a-service/,https://www.bitstamp.net/partners/,https://www.bitstamp.net/pro/,https://www.bitstamp.net/api/,https://www.bitstamp.net/api/,https://www.bitstamp.net/websocket/v2/,https://www.bitstamp.net/fix/v2/,https://www.bitstamp.net/pgp-key/,https://www.bitstamp.net/lightning-network-node/,https://www.bitstamp.net/crypto-pulse/,https://www.bitstamp.net/customer-support/,mailto:info@bitstamp.net,mailto:press@bitstamp.net,mailto:support@bitstamp.net,mailto:complaints@bitstamp.net,tel:+442038689628,tel:+18007125702,tel:+35220881096,tel:,https://twitter.com/Bitstamp,https://www.linkedin.com/company/bitstamp,https://www.facebook.com/Bitstamp,https://www.instagram.com/bitstampexchange
https://www.coinbase.com/,https://www.coinbase.com/blog,https://twitter.com/coinbase,https://www.facebook.com/Coinbase,https://www.coinbase.com/about,https://www.coinbase.com/de/careers,https://www.coinbase.com/de/affiliates,https://www.coinbase.com/blog,https://www.coinbase.com/press,https://www.coinbase.com/security,https://investor.coinbase.com/,https://www.coinbase.com/vendors/vendors-at-coinbase,https://www.coinbase.com/legal/user_agreement,https://www.coinbase.com/de/legal/cookie,https://www.coinbase.com/de/legal/digital-asset-disclosures,https://www.coinbase.com/impressum,https://www.coinbase.com/ethereum-merge,https://www.coinbase.com/de/browse,https://www.coinbase.com/bytes,https://www.coinbase.com/de/learn/crypto-basics,https://www.coinbase.com/de/learn/tips-and-tutorials,https://www.coinbase.com/de/learn/market-updates,https://www.coinbase.com/de/learn/crypto-basics/what-is-bitcoin,https://www.coinbase.com/de/learn/crypto-basics/what-is-cryptocurrency,https://www.coinbase.com/de/learn/crypto-basics/what-is-a-blockchain,https://www.coinbase.com/de/learn/tips-and-tutorials/how-to-set-up-a-crypto-wallet,https://www.coinbase.com/de/learn/tips-and-tutorials/how-to-send-crypto,https://www.coinbase.com/de/learn/crypto-basics/understanding-crypto-taxes,https://www.coinbase.com/,https://www.coinbase.com/learning-rewards,https://wallet.coinbase.com/,https://nft.coinbase.com/,https://www.coinbase.com/card,https://www.coinbase.com/derivatives,https://www.coinbase.com/one,https://www.coinbase.com/institutional,https://www.coinbase.com/prime,https://assethub.coinbase.com/,https://www.coinbase.com/commerce,https://www.coinbase.com/cloud,https://www.coinbase.com/cloud/products/waas,https://docs.cloud.coinbase.com/wallet-sdk/docs,https://www.coinbase.com/faucets,https://coinbase.com/pay-sdk,https://www.coinbase.com/cloud/products/node,https://docs.cloud.coinbase.com/commerce/docs,https://base.org/,https://docs.cloud.coinbase.com/sign-in-with-coinbase/docs,https://docs.cloud.coinbase.com/rosetta/docs,https://www.coinbase.com/cloud/blockchain-infrastructure/participate,https://docs.cloud.coinbase.com/prime/docs,https://help.coinbase.com/de,https://help.coinbase.com/de/contact-us,https://help.coinbase.com/de/coinbase/getting-started/getting-started-with-coinbase/create-a-coinbase-account/,https://help.coinbase.com/de/coinbase/managing-my-account/verify-my-identity/id-verification-for-german-customers,https://help.coinbase.com/de/coinbase/managing-my-account/,https://help.coinbase.com/de/coinbase/getting-started#add-a-payment-method/,https://help.coinbase.com/de/coinbase/managing-my-account/,https://help.coinbase.com/en/supported-crypto.html,https://status.coinbase.com/
https://www.finanzen.net/,https://g.finanzen.net/zero-web-footer-button,https://g.finanzen.net/zero-mobile-footer-button,https://g.finanzen.net/oskfnetfoot,https://g.finanzen.net/oskfnetfoot,https://hilfe.finanzen.net/hc/de,https://www.finanzennet.gmbh/,https://www.finanzen.net/presse/,https://www.finanzen.net/sitemap,https://hilfe.finanzen.net/hc/de,https://www.finanzen.net/werben,https://www.finanzen.net/impressum,https://www.finanzen.net/datenschutz,https://www.finanzen.net/disclaimer,https://www.finanzen.net/nutzungsbedingungen,https://www.instagram.com/finanzennet/,https://www.facebook.com/finanzen.net,https://www.youtube.com/channel/UC0SfuDptovS05L3JjXSHjBg,https://twitter.com/FinanzenNet,https://de.linkedin.com/company/finanzen-net,https://www.xing.com/pages/finanzen-netgmbh,https://www.finanzen.net/dienste/rss,https://www.finanzen.net/apps,https://www.finanzen.net/waehrungsrechner,https://www.finanzen.net/zero/apps/,https://itunes.apple.com/de/app/b%C3%B6rse-aktien-finanzen-net/id291973577?pt=507228&ct=finanzen.net%2Ffooter&mt=8,https://play.google.com/store/apps/details?id=de.finanzen.net,https://www.finanzen.net/aktien/primestandard/alle,https://www.finanzen.net/aktien/primestandard/0-9,https://www.finanzen.net/aktien/primestandard/a,https://www.finanzen.net/aktien/primestandard/b,https://www.finanzen.net/aktien/primestandard/c,https://www.finanzen.net/aktien/primestandard/d,https://www.finanzen.net/aktien/primestandard/e,https://www.finanzen.net/aktien/primestandard/f,https://www.finanzen.net/aktien/primestandard/g,https://www.finanzen.net/aktien/primestandard/h,https://www.finanzen.net/aktien/primestandard/i,https://www.finanzen.net/aktien/primestandard/j,https://www.finanzen.net/aktien/primestandard/k,https://www.finanzen.net/aktien/primestandard/l,https://www.finanzen.net/aktien/primestandard/m,https://www.finanzen.net/aktien/primestandard/n,https://www.finanzen.net/aktien/primestandard/o,https://www.finanzen.net/aktien/primestandard/p,https://www.finanzen.net/aktien/primestandard/q,https://www.finanzen.net/aktien/primestandard/r,https://www.finanzen.net/aktien/primestandard/s,https://www.finanzen.net/aktien/primestandard/t,https://www.finanzen.net/aktien/primestandard/u,https://www.finanzen.net/aktien/primestandard/v,https://www.finanzen.net/aktien/primestandard/w,https://www.finanzen.net/aktien/primestandard/x,https://www.finanzen.net/aktien/primestandard/y,https://www.finanzen.net/aktien/primestandard/z,https://www.finanzen.net/index/dax/40-werte,https://www.finanzen.net/index/mdax/werte,https://www.finanzen.net/index/dow_jones/werte,https://www.finanzen.net/index/euro_stoxx_50/werte,https://www.finanzen.net/news/,https://www.finanzen.net/aktien/dax-realtimekurse,https://www.finanzen.net/analysen,https://www.finanzen.net/devisen,https://www.finanzen.net/devisen/dollarkurs,https://www.finanzen.net/fonds,https://www.finanzen.net/zertifikate,https://www.finanzen.net/hebelprodukte,https://www.finanzen.net/hebelprodukte,https://www.finanzen.net/anleihen,https://www.finanzen.net/rohstoffe,https://www.finanzen.net/themen,https://www.finanzen.net/ratgeber/wertpapiere/aktien-kaufen,https://www.finanzen.net/ratgeber/wertpapiere/online-depot-eroeffnen,https://www.finanzen.net/profiluebersicht,https://www.finanzen.net/index/shanghai_composite,https://www.finanzen.net/waehrungsrechner,https://www.finanzen.net/ratgeber/gold-kaufen,https://www.finanzen.net/ratgeber/kryptowaehrung/bitcoin-kaufen,https://www.finanzen.net/ratgeber/kryptowaehrung/ethereum-kaufen,https://www.finanzen.net/cfd,https://www.finanzen.net/aktienkurse,https://www.finanzen.net/rohstoffe/oelpreis,https://www.finanzen.net/zinsen/leitzins,https://www.finanzen.net/ipo/,https://www.finanzen.net/boersenkurse,https://www.finanzen.net/lexikon/boersenlexikon/,https://www.finanzen.net/apps,https://tradingdesk.de/,https://www.finanzen.net/ratgeber/wertpapiere/etf-sparplan,https://www.finanzen.net/ratgeber/vermoegenswirksame-leistungen,https://www.finanzen.net/zero/,https://www.finanzen.net/ratgeber/unternehmen/,https://www.autobild.de/,https://www.autohaus24.de/,https://www.bz-berlin.de/,https://www.bild.de/,https://www.computerbild.de/,https://www.insiderintelligence.com/,https://www.ladenzeile.de/,https://www.metal-hammer.de/,https://www.musikexpress.de/,https://www.welt.de/,https://www.preis.de/,https://www.rollingstone.de/,https://sportbild.bild.de/,https://www.stepstone.de/,https://www.stylebook.de/,https://www.axelspringer.com/de/,https://www.freetech.academy/,https://www.axelspringer-syndication.de/,https://www.ikiosk.de/,https://www.upday.com/de
https://www.gemini.com/,https://www.gemini.com/exchange,https://www.gemini.com/mobile,https://www.gemini.com/derivatives,https://www.gemini.com/activetrader,https://www.gemini.com/credit-card,https://www.gemini.com/staking,https://www.gemini.com/dollar,https://www.gemini.com/products,https://www.gemini.com/institutions,https://www.gemini.com/institutions/exchange,https://www.gemini.com/institutions/custody,https://www.gemini.com/institutions/eotc,https://www.gemini.com/institutions/business,https://www.gemini.com/institutions/professional-traders,https://www.gemini.com/institutions/institutional-investors,https://www.gemini.com/institutions/fintechs-banks,https://www.gemini.com/prices,https://www.gemini.com/blog,https://www.gemini.com/trust-center,https://www.gemini.com/about,https://www.gemini.com/cryptopedia,https://www.gemini.com/news,https://www.gemini.com/learn,https://www.gemini.com/whats-new,https://www.gemini.com/security,https://www.gemini.com/trust-and-safety,https://www.gemini.com/samsung,https://www.gemini.com/tradingview,https://www.gemini.com/brave,https://www.gemini.com/nifty-gateway,https://www.gemini.com/referral-club,https://www.gemini.com/frontier-fund,https://www.gemini.com/partners,https://www.gemini.com/careers,https://www.gemini.com/careers-india,https://www.gemini.com/internships,https://support.gemini.com/,https://support.gemini.com/hc/requests/new,https://status.gemini.com/,https://www.gemini.com/areas-of-availability,https://docs.gemini.com/rest-api/,https://www.gemini.com/fees,https://www.gemini.com/legal,https://www.gemini.com/artemis/legal,https://www.gemini.com/legal/privacy-policy,https://www.gemini.com/legal/user-agreement#section-state-license-and-regulatory-disclosures,https://x.com/gemini,https://www.instagram.com/gemini/,https://www.linkedin.com/company/geminitrust/,https://www.youtube.com/channel/UC74DnUPOegIgamWDcDO3_PQ,https://www.reddit.com/r/Gemini/,https://www.threads.net/@gemini,https://itunes.apple.com/us/app/gemini-buy-sell-crypto/id1408914447,https://play.google.com/store/apps/details?id=com.gemini.android.app,http://apps.samsung.com/appquery/appDetail.as?appId=com.gemini.android.app,https://www.gemini.com/legal-notice,https://policies.google.com/privacy,https://policies.google.com/terms
https://www.htx.com/,,,,,,,,,,,,,,,,,,,,,,,,,,,,,,,,,,,,,,,,,,,,,,,,,,,https://twitter.com/HTX_Global,https://t.me/htxglobalofficial,https://discord.gg/htx-global,https://www.instagram.com/htxglobalofficial/,https://www.youtube.com/HuobiGlobal,https://www.tiktok.com/@htx_global,https://www.facebook.com/htxglobalofficial,https://htxofficial.medium.com/,https://coinmarketcap.com/exchanges/htx/,https://www.coingecko.com/en/exchanges/htx
https://www.kraken.com/,https://www.kraken.com/,https://www.kraken.com/sign-up,https://www.kraken.com/sign-in,https://kraken.app.link/consumer-footer,https://krakenpro.app.link/pro-footer,https://nft.kraken.com/,https://www.kraken.com/features/margin-trading,https://www.kraken.com/features/otc-exchange,https://www.kraken.com/institutions,https://www.kraken.com/features/api-trading,https://www.kraken.com/features/staking-coins,https://www.kraken.com/features,https://www.kraken.com/features/security,https://www.kraken.com/careers,https://blog.kraken.com/,https://www.kraken.com/press,https://support.kraken.com/hc/en-us/articles/360027545252-Kraken-Affiliate-program,https://www.kraken.com/referrals,https://status.kraken.com/,https://support.kraken.com/hc/en-us,https://www.kraken.com/prices/bitcoin,https://www.kraken.com/prices/ethereum,https://www.kraken.com/prices/dogecoin,https://www.kraken.com/prices/xrp,https://www.kraken.com/prices/cardano,https://www.kraken.com/prices/solana,https://www.kraken.com/prices/litecoin,https://www.kraken.com/prices,https://www.kraken.com/convert/btc/usd,https://www.kraken.com/convert/eth/usd,https://www.kraken.com/convert/doge/usd,https://www.kraken.com/convert/xrp/usd,https://www.kraken.com/convert/ada/usd,https://www.kraken.com/convert/sol/usd,https://www.kraken.com/convert/ltc/usd,https://www.kraken.com/convert,https://www.kraken.com/learn/buy-bitcoin-btc,https://www.kraken.com/learn/buy-ethereum-eth,https://www.kraken.com/learn/buy-dogecoin-doge,https://www.kraken.com/learn/buy-ripple-xrp,https://www.kraken.com/learn/buy-cardano-ada,https://www.kraken.com/learn/buy-solana-sol,https://www.kraken.com/learn/buy-litecoin-ltc,https://www.kraken.com/learn/crypto-guides,https://www.kraken.com/learn/what-is-cryptocurrency,https://www.kraken.com/learn/types-of-cryptocurrency,https://www.kraken.com/learn/what-is-blockchain-technology,https://www.kraken.com/learn/what-is-bitcoin-btc,https://www.kraken.com/learn/what-is-ethereum-eth,https://www.kraken.com/learn/what-are-non-fungible-tokens-nft,https://www.kraken.com/learn/what-is-decentralized-autonomous-organization-dao,https://www.kraken.com/learn,https://www.instagram.com/krakenfx/,https://www.facebook.com/KrakenFX/,https://www.linkedin.com/company/krakenfx/,https://twitter.com/krakenfx,https://www.youtube.com/c/KrakenBitcoinExchange,https://www.tiktok.com/@krakenfx,https://www.reddit.com/r/Kraken/,https://t.me/kraken_exchange_official,https://www.kraken.com/legal/privacy,https://www.kraken.com/legal,https://www.kraken.com/legal/cookies,https://www.kraken.com/legal/recruitment/eu-uk,https://www.kraken.com/legal/disclosures
https://www.okx.com/,https://www.okx.com/,https://www.okx.com/cn,https://www.okx.com/hk,https://www.okx.com/fr,https://www.okx.com/ru,https://www.okx.com/th,https://www.okx.com/vi,https://www.okx.com/id,https://www.okx.com/tr,https://www.okx.com/pl,https://www.okx.com/pt-br,https://www.okx.com/es-la,https://www.okx.com/ua,https://www.okx.com/about.html,https://www.okx.com/join-us,https://www.okx.com/contact-us.html,https://support.okcoin.com/hc/en-us/articles/360059514492-Terms-of-Service,https://support.okcoin.com/hc/en-us/articles/360059514572-Privacy-Policy-Statement,https://support.okcoin.com/hc/en-us/articles/360018829051-Risk-Compliance-Disclosure,https://www.okx.com/help/whistleblower-notice,https://www.okx.com/help/okx-law-enforcement-request-guide,https://www.okx.com/download,https://www.okx.com/buy-crypto,https://www.okx.com/trade-convert#from-page=footer&from-action=web_footer,https://www.okx.com/trade-spot/btc-usdt,https://www.okx.com/earn,https://www.okx.com/oktc,https://www.okx.com/web3,https://www.okx.com/web3/marketplace/nft,https://www.okx.com/convert,https://www.okx.com/price,https://www.okx.com/learn,https://www.okx.com/landingpage/tradingview,https://www.okx.com/affiliates,https://www.okx.com/okx-api,https://www.okx.com/historical-data,https://www.okx.com/fees,https://www.okx.com/token-listing-apply,https://www.okx.com/help,https://www.okx.com/support-center/channel-verification,https://www.okx.com/help/category/announcements,https://www.okx.com/community,https://www.okx.com/buy-usdc,https://www.okx.com/buy-usdt,https://www.okx.com/buy-btc,https://www.okx.com/buy-eth,https://www.okx.com/buy-ada,https://www.okx.com/buy-sol,https://www.okx.com/buy-matic,https://www.okx.com/buy-ltc,https://www.okx.com/buy-xrp,https://www.okx.com/convert/btc-to-usd,https://www.okx.com/convert/eth-to-usd,https://www.okx.com/convert/usdt-to-usd,https://www.okx.com/convert/sol-to-usd,https://www.okx.com/convert/xrp-to-usd,https://www.okx.com/trade-spot/btc-usdc,https://www.okx.com/trade-spot/eth-usdc,https://www.okx.com/trade-spot/btc-usdt,https://www.okx.com/trade-spot/eth-usdt,https://www.okx.com/trade-spot/matic-usdt,https://www.okx.com/trade-spot/ltc-usdt,https://www.okx.com/trade-spot/sol-usdt,https://www.okx.com/trade-spot/xrp-usdt,https://www.okx.com/price/bitcoin-btc,https://www.okx.com/price/ethereum-eth,https://www.okx.com/price/cardano-ada,https://www.okx.com/price/solana-sol,https://www.okx.com/price/ripple-xrp,https://www.okx.com/account/register,https://twitter.com/okx,https://www.tiktok.com/@okx?lang=en,https://www.instagram.com/okx_official,https://discord.gg/e6EyvM5QwM,https://t.me/OKXOfficial_English,https://www.facebook.com/okxofficial/,https://www.tradingview.com/broker/OKX/,https://tr.tradingview.com/broker/OKX/,https://www.okx.com/community
https://addx.co/,https://uqr.to/addxli,https://www.facebook.com/ADDX.co/,https://uqr.to/addxtweet,https://uqr.to/addxinsta,https://addx.co/en/raise-capital/,https://addx.co/en/faq/,https://addx.co/en/news/,https://addx.co/en/press-releases/,https://documents.addx.co/ADDX_Platform_Terms_and_Conditions.pdf,https://addx.co/en/privacy-policy/index.html,https://documents.addx.co/ADDX_Cookie_Policy.pdf,https://documents.addx.co/ADDX_Listing_Rules.pdf,https://documents.addx.co/ADDX_Exchange_Rules.pdf,https://documents.addx.co/ADDX_ADDit_Community_Channels_Terms_and_Conditions_of_Use.pdf,https://addx.co/en/promo-code-terms-and-conditions/index.html,https://support.addx.co/hc/en-us/articles/900006058226-27-What-steps-do-I-need-to-take-to-safeguard-my-ADDX-account-,https://support.addx.co/hc/en-us/articles/900006056386-20-What-are-the-regulatory-safeguards-that-do-not-extend-to-accredited-investors-
https://www.bitbond.com/,https://www.linkedin.com/company/bitbond/,https://twitter.com/Bitbond,https://www.youtube.com/c/BitbondNet,https://t.me/TokenToolBitbond,https://www.bitbond.com/,https://www.bitbond.com/company/,https://www.bitbond.com/jobs/,https://www.bitbond.com/press/,https://www.bitbond.com/resources/,https://www.bitbond.com/contact-us/,https://www.bitbond.com/sitemap/,https://www.bitbond.com/privacy/,https://www.bitbond.com/impressum/,https://tokentool.bitbond.com/createtoken/ethereum,https://tokentool.bitbond.com/createtoken/bsc,https://tokentool.bitbond.com/createtoken/polygon,https://tokentool.bitbond.com/createtoken/fantom,https://tokentool.bitbond.com/createtoken/avalanche,https://tokentool.bitbond.com/createTokenLocker/bsc,https://tokentool.bitbond.com/createTokenLocker/ethereum,https://tokentool.bitbond.com/createtokensale/ethereum/,https://tokentool.bitbond.com/createtokensale/ethereum,https://tokentool.bitbond.com/createtokensale/bsc,https://tokentool.bitbond.com/crypto-affiliate-program,https://tokentool.bitbond.com/gasprice/ethereum,https://tokentool.bitbond.com/gasprice/bsc,https://tokentool.bitbond.com/gasprice/polygon,https://tokentool.bitbond.com/gasprice/avalanche,https://tokentool.bitbond.com/createnft/ethereum,https://tokentool.bitbond.com/managenft,https://tokentool.bitbond.com/distributenft/ethereum,https://tokentool.bitbond.com/distributetoken/bsc,https://tokentool.bitbond.com/distributetoken/ethereum,https://tokentool.bitbond.com/portfolio,https://www.bitbond.com/resources/create-token-in-5-minutes-using-token-tool/,https://www.bitbond.com/resources/how-to-create-bep20-token-on-binance-in-5-simple-steps/,https://www.bitbond.com/resources/how-to-create-a-token-presale/,https://www.bitbond.com/resources/how-to-create-an-nft-in-5-easy-steps/,https://www.bitbond.com/resources/top-10-crypto-launchpads-in-2022/,https://www.bitbond.com/resources/web3-wallets-your-go-to-guide/,https://www.bitbond.com/resources/security-token-offering-what-is-an-sto/,https://www.bitbond.com/resources/blockchain-as-a-database/,https://www.bitbond.com/resources/what-is-asset-tokenization,https://www.bitbond.com/resources/difference-coins-vs-tokens/,http://octaveagency.com/
https://realt.co/,http://www.elegantthemes.com/,http://www.wordpress.org/
https://polymath.network/,https://polymath.network/,https://info.polymath.network/newsletter-subscription,https://polymath.network/capitalplatform,https://tokenstudio.polymath.network/,https://polymath.network/ecosystem,https://info.polymath.network/resources,https://info.polymath.network/blog,https://polymath.network/press,https://polymath.network/events,https://polymath.network/newsletter,https://polymath.network/polymesh-whitepaper,https://info.polymath.network/our-story,https://polymath.network/polymath-memberships,https://polymath.network/leadership-team,https://polymath.network/polymath-board-of-directors,https://polymath.network/careers,https://info.polymath.network/faq,https://polymath.network/privacy-policy,https://polymath.network/terms-of-site-use,https://polymath.network/capitalplatform,https://polymath.network/issuers,https://polymath.network/ecosystem,https://polymath.network/polymesh,https://info.polymath.network/resources,https://info.polymath.network/blog,https://polymath.network/press,https://polymath.network/events,https://polymath.network/newsletter,https://blog.polymath.network/,https://developers.polymesh.live/,https://info.polymath.network/cs/c/?cta_guid=2e8b9a9f-dc00-47e9-ac04-81db81ada3f3&signature=AAH58kHShS6qbnMtrVru6SDkhS2e-KrIgQ&placement_guid=adaab77c-3239-4eb2-acfc-1df8d74a3b5c&click=e30b95b2-1499-4aa8-9459-41285cf94612&hsutk=8e46f32e167ec47b3b357e88188540e5&canon=https%3A%2F%2Fpolymath.network%2F&portal_id=4703451&redirect_url=APefjpH8DmfIDYkaU46nZn3Z9NgE6Y4q6v20_DWywORzYoNeRVFP2kR5wyKa6Mqlla4ypnQIeiB4b95et-fWiPnfh12an2cufeiuG8nP3eZb1Kdwr65k1h-gLuCPMI7e6nAYgLoqev5OCxwn3cOz4lPTnuYheKhoPp0Hqg99bMKh4s6iNJIItK0iqVVbx7ar9pGnVmjb-v5rUB2EpWmgzjMJgnRYL62iqyZ4MoT7cnPEO3AhFuDkJ_Q&__hstc=225977093.8e46f32e167ec47b3b357e88188540e5.1701796902388.1701796902388.1701796902388.1&__hssc=225977093.1.1701796902388&__hsfp=2665220493,https://polymath.network/polymesh-whitepaper,https://polymath.network/erc-1400,https://polymath.network/#,https://polymath.network/our-story,https://polymath.network/careers,https://polymath.network/terms-of-service,https://polymath.network/privacy-policy,https://polymath.network/terms-of-site-use,https://info.polymath.network/blog/polymath-is-now-a-caasa-member,https://info.polymath.network/blog/polymath-is-now-an-aima-member,https://github.com/PolymathNetwork,https://blog.polymath.network/,https://t.me/polymathnetwork,https://www.facebook.com/polymathnetwork,https://twitter.com/polymathnetwork,https://www.youtube.com/channel/UC77syPQJO0eA5FBUMczZ4bA,https://www.reddit.com/r/PolymathNetwork/,https://www.linkedin.com/company/polymathnetwork/
https://polysign.io/,https://polysign.io/,https://polysign.io/legal.html,https://polysign.io/contact.html,https://twitter.com/polysigninc,https://www.linkedin.com/company/polysign,mailto:hello@polysign.io
https://stokr.io/products,https://searchentities.apps.cssf.lu/search-entities/search?&st=advanced&entType=VAP&entDate=2020-08-01
https://www.timeless.investments/,https://apps.apple.com/de/app/timeless-collectibles/id1525379976,https://play.google.com/store/apps/details?id=com.timeless.investments.app,https://www.instagram.com/timelessinvestments_official/,https://www.facebook.com/timelessinvestmentsofficial,https://www.linkedin.com/company/timelessinvestments/,https://www.timeless.investments/how-it-works,https://www.timeless.investments/faq/7390/9726/31144,https://www.timeless.investments/faq,https://www.timeless.investments/assets,https://www.timeless.investments/vouchers,mailto:contact@timeless.investments?subject=Anfrage%20-%20Timeless%20Investments&body=Bitte%20f%C3%BCge%20hier%20deine%20Nachricht%20ein.,https://www.timeless.investments/about-us,https://www.timeless.investments/career,https://www.timeless.investments/about-us,https://www.timeless.investments/magazine,https://www.timeless.investments/agb/,https://www.timeless.investments/bedingungen-belohnungsprogramm/,https://www.timeless.investments/gutscheinbedingungen/,https://www.timeless.investments/datenschutz/,https://www.timeless.investments/impressum/,https://www.timeless.investments/cc-datenschutzinformation/,https://www.timeless.investments/agb-concedus/,https://www.timeless.investments/avb-concedus/,https://www.timeless.investments/documents/CONCEDUS_Datenschutzhinweise_DEENG_1222.pdf,https://www.timeless.investments/documents/CONCEDUS_Kundeninformationen_DEENG_0123.pdf,https://www.timeless.investments/bedingungen-advents-raffle/,https://www.timeless.investments/bedingungen-adventsaktion-anteil/
https://www.bitpanda.com/,https://www.bitpanda.com/de,https://www.bitpanda.com/de/preise/kryptowaehrungen,https://www.bitpanda.com/de/preise/crypto-index,https://www.bitpanda.com/de/preise/aktien,https://www.bitpanda.com/de/preise/etfs,https://www.bitpanda.com/de/preise/edelmetalle,https://www.bitpanda.com/de/preise/rohstoffe,https://www.bitpanda.com/de/bitpanda-cash-plus,https://www.bitpanda.com/de/staking,https://www.bitpanda.com/de/bitpanda-ecosystem-token,https://www.bitpanda.com/de/affiliate,https://www.bitpanda.com/de/tell-a-friend,https://www.bitpanda.com/academy/de,https://www.bitpanda.com/academy/de/lektionen/was-sind-maker-gebuhren-und-taker-gebuhren-beim-traden-mit-kryptowahrungen,https://blog.bitpanda.com/de/6-fragen-zu-bitcoin-die-du-dich-vielleicht-nicht-zu-fragen-traust/,https://support.bitpanda.com/hc/de/articles/360001705580-Ich-bin-neu-auf-Bitpanda-Wo-soll-ich-anfangen-,https://blog.bitpanda.com/de/warum-nfts-derzeit-in-aller-munde-sind/,https://www.bitpanda.com/de/bitpanda-club,https://www.bitpanda.com/de/payments,https://www.bitpanda.com/de/savings,https://www.bitpanda.com/de/swap,https://www.bitpanda.com/de/sicherheit,https://www.bitpanda.com/de/card,https://www.bitpanda.com/de/best,https://pantos.io/,https://www.bitpanda.com/de/app,https://custody.bitpanda.com/,https://www.bitpanda.com/de/tech,https://www.bitpanda.com/de/tech/plattform,https://www.bitpanda.com/de/tech/kunden,https://www.bitpanda.com/de/tech/partner,https://www.bitpanda.com/de/tech/einblicke,https://7lr8.adj.st/web.bitpanda.com/user/register/?tag=&irclickid=&adj_t=n8kfqpk&adj_fallback=https%3A%2F%2Fplay.google.com%2Fstore%2Fapps%2Fdetails%3Fid%3Dcom.bitpanda.bitpanda,https://7lr8.adj.st/web.bitpanda.com/user/register/?tag=&irclickid=&adj_t=n8kfqpk&adj_fallback=https%3A%2F%2Fapps.apple.com%2Fat%2Fapp%2Fbitpanda%2Fid1449018960,https://www.bitpanda.com/en,https://www.bitpanda.com/de,https://www.bitpanda.com/fr,https://www.bitpanda.com/es,https://www.bitpanda.com/it,https://www.bitpanda.com/pl,https://www.bitpanda.com/de/about,https://www.bitpanda.com/en/career,https://www.bitpanda.com/de/press,https://blog.bitpanda.com/de,https://support.bitpanda.com/hc/de,https://www.facebook.com/bitpanda.AT/,https://twitter.com/Bitpanda,https://support.bitpanda.com/hc/de/articles/360000262720,https://www.reddit.com/r/bitpanda/,https://www.linkedin.com/company/bitpanda/,https://www.youtube.com/@Bitpanda,https://discord.gg/dmM9Dz7Kt8,https://www.instagram.com/bitpanda/,https://www.bitpanda.com/de/legal/notice,https://www.bitpanda.com/de/legal/bitpanda-privacy-policy,https://www.bitpanda.com/de/legal,https://www.bkms-system.com/bitpanda,https://www.bitpanda.com/en/complaints,https://www.bitpanda.com/de/legal/bugbounty,https://www.bitpanda.com/de#
